user, time, action, visualization
p12,0:00:00,pan,geo-0-1
p12,0:00:01,pan,geo-0-1
p12,0:00:02,pan,geo-0-1
p12,0:00:03,pan,geo-0-1
p12,0:00:04,pan,geo-0-1
p12,0:00:11,pan,geo-0-1
p12,0:00:12,pan,geo-0-1
p12,0:00:13,pan,geo-0-1
p12,0:00:14,pan,geo-0-1
p12,0:00:15,pan,geo-0-1
p12,0:00:16,pan,geo-0-1
p12,0:00:18,pan,geo-0-1
p12,0:00:20,pan,geo-0-1
p12,0:00:21,pan,geo-0-1
p12,0:00:23,pan,geo-0-1
p12,0:00:26,pan,geo-0-1
p12,0:00:30,pan,geo-0-1
p12,0:00:31,pan,geo-0-1
p12,0:00:32,pan,geo-0-1
p12,0:00:33,pan,geo-0-1
p12,0:00:34,pan,geo-0-1
p12,0:00:35,pan,geo-0-1
p12,0:00:39,pan,geo-0-1
p12,0:00:42,pan,geo-0-1
p12,0:00:44,pan,geo-0-1
p12,0:00:45,pan,geo-0-1
p12,0:00:46,pan,geo-0-1
p12,0:00:47,pan,geo-0-1
p12,0:00:48,pan,geo-0-1
p12,0:00:49,pan,geo-0-1
p12,0:00:50,pan,geo-0-1
p12,0:00:51,pan,geo-0-1
p12,0:00:52,pan,geo-0-1
p12,0:00:53,pan,geo-0-1
p12,0:00:54,brush,bar-5
p12,0:00:55,brush,bar-5
p12,0:00:56,brush,hist-4
p12,0:00:57,brush,hist-4
p12,0:00:58,brush,hist-4
p12,0:00:59,brush,hist-4
p12,0:01:00,brush,hist-4
p12,0:01:01,brush,hist-4
p12,0:01:03,brush,hist-4
p12,0:01:04,brush,hist-4
p12,0:01:05,brush,hist-4
p12,0:01:07,brush,hist-4
p12,0:01:08,brush,hist-4
p12,0:01:21,brush,hist-4
p12,0:01:22,brush,hist-4
p12,0:01:23,brush,hist-4
p12,0:01:24,brush,hist-4
p12,0:01:25,brush,hist-4
p12,0:01:26,brush,hist-4
p12,0:01:27,brush,hist-4
p12,0:01:28,brush,hist-4
p12,0:01:29,brush,hist-4
p12,0:01:30,brush,hist-4
p12,0:01:31,brush,hist-4
p12,0:01:32,brush,hist-4
p12,0:01:33,brush,hist-4
p12,0:01:34,brush,hist-4
p12,0:01:35,brush,hist-4
p12,0:01:36,brush,hist-4
p12,0:01:37,brush,hist-4
p12,0:01:38,brush,hist-4
p12,0:01:39,brush,hist-3
p12,0:01:40,brush,hist-3
p12,0:01:41,brush,hist-3
p12,0:01:42,brush,hist-3
p12,0:01:43,brush,hist-3
p12,0:01:44,brush,hist-3
p12,0:01:45,brush,hist-3
p12,0:01:46,brush,hist-2
p12,0:01:47,brush,hist-2
p12,0:01:48,brush,hist-2
p12,0:01:49,brush,hist-2
p12,0:01:50,brush,hist-2
p12,0:01:51,brush,hist-3
p12,0:01:52,brush,hist-2
p12,0:01:53,brush,hist-2
p12,0:01:54,brush,hist-2
p12,0:01:55,brush,hist-2
p12,0:01:56,brush,hist-2
p12,0:01:57,brush,hist-2
p12,0:01:58,brush,hist-2
p12,0:01:59,brush,hist-2
p12,0:02:00,brush,hist-2
p12,0:02:01,brush,hist-2
p12,0:02:02,brush,hist-2
p12,0:02:03,brush,hist-2
p12,0:02:05,range select,hist-2
p12,0:02:08,range select,bar-5
p12,0:02:10,range select,bar-5
p12,0:02:12,range select,hist-2
p12,0:02:13,range select,hist-2
p12,0:02:14,range select,hist-2
p12,0:02:16,range select,hist-2
p12,0:02:18,range select,hist-2
p12,0:02:20,range select,hist-2
p12,0:02:22,range select,hist-2
p12,0:02:23,range select,hist-2
p12,0:02:24,range select,hist-2
p12,0:02:25,range select,hist-2
p12,0:02:26,range select,hist-2
p12,0:02:27,range select,hist-2
p12,0:02:30,range select,hist-2
p12,0:02:35,pan,geo-0-1
p12,0:02:36,pan,geo-0-1
p12,0:02:37,pan,geo-0-1
p12,0:02:38,pan,geo-0-1
p12,0:02:39,pan,geo-0-1
p12,0:02:40,pan,geo-0-1
p12,0:02:41,pan,geo-0-1
p12,0:02:42,pan,geo-0-1
p12,0:02:43,pan,geo-0-1
p12,0:02:44,pan,geo-0-1
p12,0:02:45,pan,geo-0-1
p12,0:02:46,pan,geo-0-1
p12,0:02:47,pan,geo-0-1
p12,0:02:48,pan,geo-0-1
p12,0:02:49,pan,geo-0-1
p12,0:02:50,pan,geo-0-1
p12,0:02:51,pan,geo-0-1
p12,0:02:52,pan,geo-0-1
p12,0:02:55,pan,geo-0-1
p12,0:02:56,pan,geo-0-1
p12,0:02:58,pan,geo-0-1
p12,0:02:59,pan,geo-0-1
p12,0:03:00,pan,geo-0-1
p12,0:03:01,pan,geo-0-1
p12,0:03:02,pan,geo-0-1
p12,0:03:03,pan,geo-0-1
p12,0:03:05,pan,geo-0-1
p12,0:03:06,zoom,geo-0-1
p12,0:03:08,pan,geo-0-1
p12,0:03:09,pan,geo-0-1
p12,0:03:10,pan,geo-0-1
p12,0:03:12,pan,geo-0-1
p12,0:03:15,pan,geo-0-1
p12,0:03:16,zoom,geo-0-1
p12,0:03:17,pan,geo-0-1
p12,0:03:22,pan,geo-0-1
p12,0:03:23,zoom,geo-0-1
p12,0:03:25,pan,geo-0-1
p12,0:03:26,pan,geo-0-1
p12,0:03:28,pan,geo-0-1
p12,0:03:29,pan,geo-0-1
p12,0:03:30,pan,geo-0-1
p12,0:03:32,pan,geo-0-1
p12,0:03:33,pan,geo-0-1
p12,0:03:35,range select,geo-0-1
p12,0:03:36,range select,geo-0-1
p12,0:03:56,range select,geo-0-1
p12,0:04:04,pan,geo-0-1
p12,0:04:06,pan,geo-0-1
p12,0:04:08,range select,geo-0-1
p12,0:04:14,pan,geo-0-1
p12,0:04:16,range select,geo-0-1
p12,0:04:17,range select,geo-0-1
p12,0:04:33,range select,bar-5
p12,0:04:36,pan,geo-0-1
p12,0:04:37,pan,geo-0-1
p12,0:04:38,pan,geo-0-1
p12,0:04:42,pan,geo-0-1
p12,0:04:43,pan,geo-0-1
p12,0:04:44,pan,geo-0-1
p12,0:04:45,pan,geo-0-1
p12,0:04:46,pan,geo-0-1
p12,0:04:47,zoom,geo-0-1
p12,0:04:49,pan,geo-0-1
p12,0:04:50,pan,geo-0-1
p12,0:04:51,pan,geo-0-1
p12,0:04:58,brush,bar-5
p12,0:04:59,brush,bar-5
p12,0:05:00,pan,geo-0-1
p12,0:05:01,pan,geo-0-1
p12,0:05:02,pan,geo-0-1
p12,0:05:03,pan,geo-0-1
p12,0:05:08,pan,geo-0-1
p12,0:05:09,pan,geo-0-1
p12,0:05:10,pan,geo-0-1
p12,0:05:11,brush,hist-3
p12,0:05:12,brush,hist-4
p12,0:05:13,brush,hist-4
p12,0:05:15,pan,geo-0-1
p12,0:05:16,brush,hist-4
p12,0:05:17,brush,hist-4
p12,0:05:18,brush,hist-4
p12,0:05:19,brush,hist-4
p12,0:05:20,brush,hist-4
p12,0:05:21,brush,hist-4
p12,0:05:22,brush,hist-4
p12,0:05:23,pan,geo-0-1
p12,0:05:24,brush,hist-4
p12,0:05:25,brush,hist-4
p12,0:05:26,brush,hist-4
p12,0:05:27,brush,hist-4
p12,0:05:28,brush,hist-4
p12,0:05:31,pan,geo-0-1
p12,0:05:32,pan,geo-0-1
p12,0:05:33,pan,geo-0-1
p12,0:05:35,pan,geo-0-1
p12,0:05:36,pan,geo-0-1
p12,0:05:41,range select,geo-0-1
p12,0:05:54,range select,geo-0-1
p12,0:05:55,range select,geo-0-1
p12,0:06:05,range select,geo-0-1
p12,0:06:06,range select,geo-0-1
p12,0:06:19,pan,geo-0-1
p12,0:06:20,zoom,geo-0-1
p12,0:06:21,pan,geo-0-1
p12,0:06:22,pan,geo-0-1
p12,0:06:24,pan,geo-0-1
p12,0:06:27,brush,hist-3
p12,0:06:28,brush,hist-3
p12,0:06:29,brush,hist-3
p12,0:06:30,brush,hist-3
p12,0:06:31,brush,hist-3
p12,0:06:32,pan,geo-0-1
p12,0:06:33,pan,geo-0-1
p12,0:06:34,pan,geo-0-1
p12,0:06:35,pan,geo-0-1
p12,0:06:36,brush,hist-3
p12,0:06:37,brush,hist-4
p12,0:06:38,brush,hist-4
p12,0:06:39,brush,hist-4
p12,0:06:40,brush,hist-4
p12,0:06:41,brush,hist-4
p12,0:06:44,brush,hist-4
p12,0:06:45,brush,hist-4
p12,0:06:46,brush,hist-4
p12,0:06:47,brush,hist-4
p12,0:06:48,brush,hist-4
p12,0:06:49,brush,hist-4
p12,0:06:50,brush,hist-4
p12,0:06:51,brush,hist-4
p12,0:06:53,pan,geo-0-1
p12,0:06:54,pan,geo-0-1
p12,0:06:55,pan,geo-0-1
p12,0:06:56,brush,hist-4
p12,0:06:57,brush,hist-4
p12,0:06:59,pan,geo-0-1
p12,0:07:00,pan,geo-0-1
p12,0:07:03,range select,geo-0-1
p12,0:07:08,pan,geo-0-1
p12,0:07:09,pan,geo-0-1
p12,0:07:10,range select,geo-0-1
p12,0:07:11,range select,geo-0-1
p12,0:07:15,brush,bar-5
p12,0:07:17,pan,geo-0-1
p12,0:07:18,range select,geo-0-1
p12,0:07:23,range select,geo-0-1
p12,0:07:28,range select,geo-0-1
p12,0:07:33,pan,geo-0-1
p12,0:07:34,pan,geo-0-1
p12,0:07:36,pan,geo-0-1
p12,0:07:37,pan,geo-0-1
p12,0:07:38,pan,geo-0-1
p12,0:07:39,range select,geo-0-1
p12,0:07:40,range select,geo-0-1
p12,0:07:43,range select,geo-0-1
p12,0:07:46,pan,geo-0-1
p12,0:07:47,zoom,geo-0-1
p12,0:07:48,pan,geo-0-1
p12,0:07:50,pan,geo-0-1
p12,0:07:51,pan,geo-0-1
p12,0:07:53,pan,geo-0-1
p12,0:07:54,pan,geo-0-1
p12,0:07:56,pan,geo-0-1
p12,0:07:58,pan,geo-0-1
p12,0:07:59,pan,geo-0-1
p12,0:08:00,pan,geo-0-1
p12,0:08:01,pan,geo-0-1
p12,0:08:03,pan,geo-0-1
p12,0:08:04,pan,geo-0-1
p12,0:08:08,range select,geo-0-1
p12,0:08:20,brush,bar-5
p12,0:08:21,brush,bar-5
p12,0:08:22,pan,geo-0-1
p12,0:08:24,pan,geo-0-1
p12,0:08:25,pan,geo-0-1
p12,0:08:27,pan,geo-0-1
p12,0:08:28,pan,geo-0-1
p12,0:08:30,pan,geo-0-1
p12,0:08:31,pan,geo-0-1
p12,0:08:32,pan,geo-0-1
p12,0:08:34,pan,geo-0-1
p12,0:08:35,pan,geo-0-1
p12,0:08:36,pan,geo-0-1
p12,0:08:37,pan,geo-0-1
p12,0:08:38,pan,geo-0-1
p12,0:08:40,pan,geo-0-1
p12,0:08:43,pan,geo-0-1
p12,0:08:45,pan,geo-0-1
p12,0:08:46,pan,geo-0-1
p12,0:08:47,pan,geo-0-1
p12,0:08:48,pan,geo-0-1
p12,0:08:50,pan,geo-0-1
p12,0:08:52,pan,geo-0-1
p12,0:08:53,pan,geo-0-1
p12,0:08:56,pan,geo-0-1
p12,0:08:57,pan,geo-0-1
p12,0:08:58,pan,geo-0-1
p12,0:08:59,pan,geo-0-1
p12,0:09:02,pan,geo-0-1
p12,0:09:04,pan,geo-0-1
p12,0:09:05,zoom,geo-0-1
p12,0:09:08,pan,geo-0-1
p12,0:09:10,pan,geo-0-1
p12,0:09:13,pan,geo-0-1
p12,0:09:14,pan,geo-0-1
p12,0:09:15,pan,geo-0-1
p12,0:09:16,pan,geo-0-1
p12,0:09:17,pan,geo-0-1
p12,0:09:18,pan,geo-0-1
p12,0:09:19,pan,geo-0-1
p12,0:09:20,pan,geo-0-1
p12,0:09:21,pan,geo-0-1
p12,0:09:23,pan,geo-0-1
p12,0:09:26,pan,geo-0-1
p12,0:09:27,pan,geo-0-1
p12,0:09:29,pan,geo-0-1
p12,0:09:35,pan,geo-0-1
p12,0:09:36,pan,geo-0-1
p12,0:09:37,pan,geo-0-1
p12,0:09:38,pan,geo-0-1
p12,0:09:39,pan,geo-0-1
p12,0:09:40,pan,geo-0-1
p12,0:09:41,pan,geo-0-1
p12,0:09:42,pan,geo-0-1
p12,0:09:43,pan,geo-0-1
p12,0:09:44,pan,geo-0-1
p12,0:09:45,pan,geo-0-1
p12,0:09:46,pan,geo-0-1
p12,0:09:48,pan,geo-0-1
p12,0:09:49,zoom,geo-0-1
p12,0:09:50,pan,geo-0-1
p12,0:09:51,pan,geo-0-1
p12,0:09:52,pan,geo-0-1
p12,0:09:53,pan,geo-0-1
p12,0:09:57,range select,geo-0-1
p12,0:09:58,range select,geo-0-1
p12,0:10:02,range select,geo-0-1
p12,0:10:12,pan,geo-0-1
p12,0:10:13,zoom,geo-0-1
p12,0:10:14,pan,geo-0-1
p12,0:10:15,zoom,geo-0-1
p12,0:10:18,brush,bar-5
p12,0:10:21,pan,geo-0-1
p12,0:10:22,pan,geo-0-1
p12,0:10:24,pan,geo-0-1
p12,0:10:25,pan,geo-0-1
p12,0:10:26,pan,geo-0-1
p12,0:10:27,pan,geo-0-1
p12,0:10:28,pan,geo-0-1
p12,0:10:29,pan,geo-0-1
p12,0:10:30,pan,geo-0-1
p12,0:10:31,pan,geo-0-1
p12,0:10:33,pan,geo-0-1
p12,0:10:34,pan,geo-0-1
p12,0:10:35,pan,geo-0-1
p12,0:10:39,pan,geo-0-1
p12,0:10:40,pan,geo-0-1
p12,0:10:41,pan,geo-0-1
p12,0:10:43,pan,geo-0-1
p12,0:10:44,pan,geo-0-1
p12,0:10:46,pan,geo-0-1
p12,0:10:47,pan,geo-0-1
p12,0:10:48,pan,geo-0-1
p12,0:10:49,pan,geo-0-1
p12,0:10:50,pan,geo-0-1
p12,0:10:51,pan,geo-0-1
p12,0:10:52,pan,geo-0-1
p12,0:10:53,pan,geo-0-1
p12,0:10:54,pan,geo-0-1
p12,0:10:55,pan,geo-0-1
p12,0:10:56,pan,geo-0-1
p12,0:10:57,pan,geo-0-1
p12,0:10:58,brush,hist-4
p12,0:11:00,pan,geo-0-1
p12,0:11:01,pan,geo-0-1
p12,0:11:02,pan,geo-0-1
p12,0:11:03,pan,geo-0-1
p12,0:11:10,pan,geo-0-1
p12,0:11:11,pan,geo-0-1
p12,0:11:12,pan,geo-0-1
p12,0:11:13,pan,geo-0-1
p12,0:11:15,pan,geo-0-1
p12,0:11:16,pan,geo-0-1
p12,0:11:17,pan,geo-0-1
p12,0:11:20,pan,geo-0-1
p12,0:11:21,pan,geo-0-1
p12,0:11:32,pan,geo-0-1
p12,0:11:35,pan,geo-0-1
p12,0:11:36,pan,geo-0-1
p12,0:11:42,pan,geo-0-1
p12,0:11:44,pan,geo-0-1
p12,0:11:45,pan,geo-0-1
p12,0:11:46,pan,geo-0-1
p12,0:12:00,pan,geo-0-1
p12,0:12:01,pan,geo-0-1
p12,0:12:03,pan,geo-0-1
p12,0:12:04,pan,geo-0-1
p12,0:12:05,pan,geo-0-1
p12,0:12:06,pan,geo-0-1
p12,0:12:07,range select,bar-5
p12,0:12:08,pan,geo-0-1
p12,0:12:09,pan,geo-0-1
p12,0:12:13,pan,geo-0-1
p12,0:12:14,pan,geo-0-1
p12,0:12:15,pan,geo-0-1
p12,0:12:17,pan,geo-0-1
p12,0:12:18,pan,geo-0-1
p12,0:12:20,pan,geo-0-1
p12,0:12:21,pan,geo-0-1
p12,0:12:23,pan,geo-0-1
p12,0:12:24,pan,geo-0-1
p12,0:12:25,pan,geo-0-1
p12,0:12:27,pan,geo-0-1
p12,0:12:31,pan,geo-0-1
p12,0:12:34,pan,geo-0-1
p12,0:12:36,pan,geo-0-1
p12,0:12:40,pan,geo-0-1
p12,0:12:42,pan,geo-0-1
p12,0:12:45,pan,geo-0-1
p12,0:12:46,pan,geo-0-1
p12,0:12:47,pan,geo-0-1
p12,0:12:48,pan,geo-0-1
p12,0:12:49,pan,geo-0-1
p12,0:13:06,pan,geo-0-1
p12,0:13:07,pan,geo-0-1
p12,0:13:08,pan,geo-0-1
p12,0:13:09,pan,geo-0-1
p12,0:13:11,pan,geo-0-1
p12,0:13:12,pan,geo-0-1
p12,0:13:13,pan,geo-0-1
p12,0:13:16,pan,geo-0-1
p12,0:13:17,pan,geo-0-1
p12,0:13:20,range select,bar-5
p12,0:13:21,pan,geo-0-1
p12,0:13:22,pan,geo-0-1
p12,0:13:23,pan,geo-0-1
p12,0:13:24,pan,geo-0-1
p12,0:13:30,pan,geo-0-1
p12,0:13:31,pan,geo-0-1
p12,0:13:32,pan,geo-0-1
p12,0:13:33,pan,geo-0-1
p12,0:13:34,pan,geo-0-1
p12,0:13:36,pan,geo-0-1
p12,0:13:38,pan,geo-0-1
p12,0:13:39,pan,geo-0-1
p12,0:13:44,pan,geo-0-1
p12,0:13:45,pan,geo-0-1
p12,0:13:46,pan,geo-0-1
p12,0:13:47,pan,geo-0-1
p12,0:13:48,pan,geo-0-1
p12,0:13:50,pan,geo-0-1
p12,0:13:51,pan,geo-0-1
p12,0:13:52,pan,geo-0-1
p12,0:13:56,pan,geo-0-1
p12,0:13:57,pan,geo-0-1
p12,0:13:58,pan,geo-0-1
p12,0:13:59,pan,geo-0-1
p12,0:14:00,pan,geo-0-1
p12,0:14:01,pan,geo-0-1
p12,0:14:05,range select,bar-5
p12,0:14:09,range select,bar-5
p12,0:14:14,range select,bar-5
p12,0:14:26,range select,hist-4
p12,0:14:28,range select,bar-5
p12,0:14:29,pan,geo-0-1
p12,0:14:30,pan,geo-0-1
p12,0:14:32,pan,geo-0-1
p12,0:14:33,pan,geo-0-1
p12,0:14:41,pan,geo-0-1
p12,0:14:45,pan,geo-0-1
p12,0:14:46,pan,geo-0-1
p12,0:14:47,pan,geo-0-1
p12,0:14:48,pan,geo-0-1
p12,0:14:49,range select,bar-5
p12,0:14:51,range select,bar-5
p12,0:14:52,pan,geo-0-1
p12,0:14:53,pan,geo-0-1
p12,0:15:02,range select,bar-5
p12,0:15:05,pan,geo-0-1
p12,0:15:06,pan,geo-0-1
p12,0:15:08,range select,bar-5
p12,0:15:10,range select,bar-5
p12,0:15:12,range select,bar-5
p12,0:15:14,range select,bar-5
p12,0:15:16,range select,bar-5
p12,0:15:17,range select,bar-5
p12,0:15:18,range select,bar-5
p12,0:15:20,range select,bar-5
p12,0:15:21,range select,bar-5
p12,0:15:22,range select,bar-5
p12,0:15:37,pan,geo-0-1
p12,0:15:38,pan,geo-0-1
p12,0:15:42,pan,geo-0-1
p12,0:15:43,range select,bar-5
p12,0:15:45,range select,bar-5
p12,0:15:46,range select,bar-5
p12,0:15:47,range select,bar-5
p12,0:15:48,range select,bar-5
p12,0:15:52,range select,bar-5
p12,0:16:00,range select,bar-5
p12,0:16:04,range select,bar-5
p12,0:16:05,range select,bar-5
p12,0:16:08,range select,bar-5
p12,0:16:12,range select,bar-5
p12,0:16:13,range select,bar-5
p12,0:16:14,range select,bar-5
p12,0:16:17,range select,bar-5
p12,0:16:18,range select,bar-5
p12,0:16:19,range select,bar-5
p12,0:16:20,range select,bar-5
p12,0:16:23,range select,bar-5
p12,0:16:24,range select,bar-5
p12,0:16:25,range select,bar-5
p12,0:16:26,range select,bar-5
p12,0:16:27,range select,bar-5
p12,0:16:28,range select,bar-5
p12,0:16:29,range select,bar-5
p12,0:16:30,range select,bar-5
p12,0:16:31,range select,bar-5
p12,0:16:32,range select,bar-5
p12,0:16:33,range select,bar-5
p12,0:16:34,range select,bar-5
p12,0:16:35,range select,bar-5
p12,0:16:37,range select,bar-5
p12,0:16:42,range select,bar-5
p12,0:16:50,range select,bar-5
p12,0:16:51,range select,bar-5
p12,0:16:52,range select,bar-5
p12,0:16:53,range select,bar-5
p12,0:16:56,pan,geo-0-1
p12,0:16:57,pan,geo-0-1
p12,0:16:58,range select,bar-5
p12,0:17:00,pan,geo-0-1
p12,0:17:01,pan,geo-0-1
p12,0:17:02,pan,geo-0-1
p12,0:17:03,pan,geo-0-1
p12,0:17:04,range select,bar-5
p12,0:17:07,range select,bar-5
p12,0:17:09,range select,bar-5
p12,0:17:11,range select,bar-5
p12,0:17:14,range select,bar-5
p12,0:17:15,pan,geo-0-1
p12,0:17:16,pan,geo-0-1
p12,0:17:24,pan,geo-0-1
p12,0:17:25,pan,geo-0-1
p12,0:17:26,pan,geo-0-1
p12,0:17:27,pan,geo-0-1
p12,0:17:28,pan,geo-0-1
p12,0:17:29,pan,geo-0-1
p12,0:17:30,pan,geo-0-1
p12,0:17:31,pan,geo-0-1
p12,0:17:32,pan,geo-0-1
p12,0:17:33,pan,geo-0-1
p12,0:17:36,pan,geo-0-1
p12,0:17:37,zoom,geo-0-1
p12,0:17:38,pan,geo-0-1
p12,0:17:39,pan,geo-0-1
p12,0:17:40,pan,geo-0-1
p12,0:17:41,range select,geo-0-1
p12,0:17:48,pan,geo-0-1
p12,0:17:50,pan,geo-0-1
p12,0:17:51,range select,geo-0-1
p12,0:17:52,range select,geo-0-1
p12,0:18:04,range select,hist-2
p12,0:18:06,range select,hist-2
p12,0:18:07,range select,hist-2
p12,0:18:08,range select,hist-2
p12,0:18:19,range select,geo-0-1
p12,0:18:26,range select,hist-2
p12,0:18:28,range select,hist-2
p12,0:18:30,range select,hist-2
p12,0:18:31,range select,hist-2
p12,0:18:32,range select,hist-2
p12,0:18:33,range select,hist-2
p12,0:18:34,pan,geo-0-1
p12,0:18:35,pan,geo-0-1
p12,0:18:36,range select,geo-0-1
p12,0:18:46,range select,hist-2
p12,0:18:51,range select,hist-3
p12,0:18:53,range select,hist-2
p12,0:18:57,pan,geo-0-1
p12,0:18:58,pan,geo-0-1
p12,0:18:59,range select,geo-0-1
p12,0:19:06,pan,geo-0-1
p12,0:19:07,pan,geo-0-1
p12,0:19:08,pan,geo-0-1
p12,0:19:09,pan,geo-0-1
p12,0:19:10,pan,geo-0-1
p12,0:19:11,pan,geo-0-1
p12,0:19:12,pan,geo-0-1
p12,0:19:14,brush,bar-5
p12,0:19:15,brush,bar-5
p12,0:19:16,brush,bar-5
p12,0:19:18,brush,bar-5
p12,0:19:19,brush,bar-5
p12,0:19:20,brush,bar-5
p12,0:19:21,brush,bar-5
p12,0:19:22,brush,bar-5
p12,0:19:23,range select,bar-5
p12,0:19:39,brush,bar-5
p12,0:19:40,pan,geo-0-1
p12,0:19:41,pan,geo-0-1
p12,0:19:42,pan,geo-0-1
p12,0:19:43,pan,geo-0-1
p12,0:19:44,pan,geo-0-1
p12,0:19:45,range select,geo-0-1
p12,0:20:01,pan,geo-0-1
p12,0:20:02,pan,geo-0-1
p12,0:20:03,pan,geo-0-1
p12,0:20:05,pan,geo-0-1
p12,0:20:06,pan,geo-0-1
p12,0:20:09,pan,geo-0-1
p12,0:20:10,pan,geo-0-1
p12,0:20:12,range select,geo-0-1
p12,0:20:13,range select,geo-0-1
p12,0:20:14,range select,geo-0-1
p12,0:20:32,range select,hist-2
p12,0:20:34,brush,hist-4
p12,0:20:35,brush,hist-3
p12,0:20:36,brush,hist-3
p12,0:20:37,brush,hist-3
p12,0:20:38,brush,hist-3
p12,0:20:39,brush,hist-3
p12,0:20:42,brush,hist-3
p12,0:20:43,brush,hist-3
p12,0:20:44,brush,hist-3
p12,0:20:45,brush,hist-3
p12,0:20:46,brush,hist-3
p12,0:20:47,brush,hist-3
p12,0:20:48,brush,hist-3
p12,0:20:49,brush,hist-3
p12,0:20:53,brush,hist-3
p12,0:20:54,brush,hist-3
p12,0:20:56,brush,hist-3
p12,0:20:57,brush,hist-3
p12,0:20:58,brush,hist-3
p12,0:20:59,brush,hist-3
p12,0:21:00,brush,hist-3
p12,0:21:01,brush,hist-3
p12,0:21:02,brush,hist-3
p12,0:21:03,brush,hist-3
p12,0:21:05,brush,hist-3
p12,0:21:06,brush,hist-3
p12,0:21:07,brush,hist-3
p12,0:21:08,brush,hist-3
p12,0:21:09,brush,hist-3
p12,0:21:10,brush,hist-3
p12,0:21:16,brush,hist-3
p12,0:21:17,brush,hist-3
p12,0:21:18,brush,hist-3
p12,0:21:19,brush,hist-3
p12,0:21:20,brush,hist-2
p12,0:21:21,brush,hist-2
p12,0:21:23,pan,geo-0-1
p12,0:21:25,pan,geo-0-1
p12,0:21:26,pan,geo-0-1
p12,0:21:27,pan,geo-0-1
p12,0:21:28,pan,geo-0-1
p12,0:21:29,pan,geo-0-1
p12,0:21:30,pan,geo-0-1
p12,0:21:33,pan,geo-0-1
p12,0:21:34,pan,geo-0-1
p12,0:21:36,pan,geo-0-1
p12,0:21:37,pan,geo-0-1
p12,0:21:38,pan,geo-0-1
p12,0:21:41,range select,geo-0-1
p12,0:21:48,pan,geo-0-1
p12,0:21:51,pan,geo-0-1
p12,0:21:52,pan,geo-0-1
p12,0:21:53,pan,geo-0-1
p12,0:21:54,pan,geo-0-1
p12,0:21:55,pan,geo-0-1
p12,0:21:56,pan,geo-0-1
p12,0:21:57,pan,geo-0-1
p12,0:21:58,pan,geo-0-1
p12,0:21:59,pan,geo-0-1
p12,0:22:01,pan,geo-0-1
p12,0:22:02,pan,geo-0-1
p12,0:22:03,pan,geo-0-1
p12,0:22:04,pan,geo-0-1
p12,0:22:19,pan,geo-0-1
p12,0:22:23,pan,geo-0-1
p12,0:22:31,pan,geo-0-1
p12,0:22:39,pan,geo-0-1
p12,0:22:40,pan,geo-0-1
p12,0:22:41,pan,geo-0-1
p12,0:22:42,pan,geo-0-1
p12,0:22:52,pan,geo-0-1
p12,0:22:55,pan,geo-0-1
p12,0:22:56,pan,geo-0-1
p12,0:22:57,pan,geo-0-1
p12,0:22:58,pan,geo-0-1
p12,0:23:05,pan,geo-0-1
p12,0:23:07,pan,geo-0-1
p12,0:23:08,pan,geo-0-1
p12,0:23:09,pan,geo-0-1
p12,0:23:10,pan,geo-0-1
p12,0:23:11,pan,geo-0-1
p12,0:23:12,pan,geo-0-1
p12,0:23:13,pan,geo-0-1
p12,0:23:14,zoom,geo-0-1
p12,0:23:15,pan,geo-0-1
p12,0:23:18,pan,geo-0-1
p12,0:23:22,pan,geo-0-1
p12,0:23:23,zoom,geo-0-1
p12,0:23:45,pan,geo-0-1
p12,0:23:47,pan,geo-0-1
p12,0:23:48,zoom,geo-0-1
p12,0:23:51,pan,geo-0-1
p12,0:23:52,zoom,geo-0-1
p12,0:23:53,pan,geo-0-1
p12,0:23:54,pan,geo-0-1
p12,0:23:57,pan,geo-0-1
p12,0:23:58,pan,geo-0-1
p12,0:23:59,pan,geo-0-1
p12,0:24:00,pan,geo-0-1
p12,0:24:02,pan,geo-0-1
p12,0:24:03,pan,geo-0-1
p12,0:24:04,pan,geo-0-1
p12,0:24:05,pan,geo-0-1
p12,0:24:06,pan,geo-0-1
p12,0:24:08,pan,geo-0-1
p12,0:24:09,pan,geo-0-1
p12,0:24:10,pan,geo-0-1
p12,0:24:11,pan,geo-0-1
p12,0:24:13,pan,geo-0-1
p12,0:24:14,pan,geo-0-1
p12,0:24:16,pan,geo-0-1
p12,0:24:17,pan,geo-0-1
p12,0:24:18,pan,geo-0-1
p12,0:24:20,pan,geo-0-1
p12,0:24:21,range select,geo-0-1
p12,0:24:22,range select,geo-0-1
p12,0:24:36,pan,geo-0-1
p12,0:24:37,pan,geo-0-1
p12,0:24:38,pan,geo-0-1
p12,0:24:40,pan,geo-0-1
p12,0:24:42,pan,geo-0-1
p12,0:24:43,pan,geo-0-1
p12,0:24:44,pan,geo-0-1
p12,0:24:45,pan,geo-0-1
p12,0:24:47,pan,geo-0-1
p12,0:24:48,pan,geo-0-1
p12,0:24:49,pan,geo-0-1
p12,0:24:50,pan,geo-0-1
p12,0:24:51,pan,geo-0-1
p12,0:24:52,pan,geo-0-1
p12,0:24:53,pan,geo-0-1
p12,0:24:54,pan,geo-0-1
p12,0:24:55,pan,geo-0-1
p12,0:24:56,pan,geo-0-1
p12,0:24:58,range select,geo-0-1
p12,0:25:11,pan,geo-0-1
p12,0:25:12,pan,geo-0-1
p12,0:25:14,pan,geo-0-1
p12,0:25:15,zoom,geo-0-1
p12,0:25:16,pan,geo-0-1
p12,0:25:17,pan,geo-0-1
p12,0:25:20,pan,geo-0-1
p12,0:25:21,pan,geo-0-1
p12,0:25:23,pan,geo-0-1
p12,0:25:24,pan,geo-0-1
p12,0:25:25,pan,geo-0-1
p12,0:25:26,pan,geo-0-1
p12,0:25:30,pan,geo-0-1
p12,0:25:31,pan,geo-0-1
p12,0:25:32,pan,geo-0-1
p12,0:25:33,pan,geo-0-1
p12,0:25:34,pan,geo-0-1
p12,0:25:37,pan,geo-0-1
p12,0:25:39,pan,geo-0-1
p12,0:25:40,zoom,geo-0-1
p12,0:25:45,pan,geo-0-1
p12,0:25:46,pan,geo-0-1
p12,0:25:47,pan,geo-0-1
p12,0:25:54,pan,geo-0-1
p12,0:25:55,pan,geo-0-1
p12,0:25:56,pan,geo-0-1
p12,0:25:57,pan,geo-0-1
p12,0:25:58,pan,geo-0-1
p12,0:25:59,pan,geo-0-1
p12,0:26:00,pan,geo-0-1
p12,0:26:02,pan,geo-0-1
p12,0:26:04,pan,geo-0-1
p12,0:26:06,pan,geo-0-1
p12,0:26:07,zoom,geo-0-1
p12,0:26:09,pan,geo-0-1
p12,0:26:10,pan,geo-0-1
p12,0:26:12,pan,geo-0-1
p12,0:26:13,pan,geo-0-1
p12,0:26:14,pan,geo-0-1
p12,0:26:16,pan,geo-0-1
p12,0:26:17,pan,geo-0-1
p12,0:26:20,pan,geo-0-1
p12,0:26:21,pan,geo-0-1
p12,0:26:24,pan,geo-0-1
p12,0:26:25,pan,geo-0-1
p12,0:26:26,pan,geo-0-1
p12,0:26:27,pan,geo-0-1
p12,0:26:28,pan,geo-0-1
p12,0:26:29,brush,bar-5
p12,0:26:30,pan,geo-0-1
p12,0:26:32,pan,geo-0-1
p12,0:26:33,pan,geo-0-1
p12,0:26:34,pan,geo-0-1
p12,0:26:37,pan,geo-0-1
p12,0:26:38,pan,geo-0-1
p12,0:26:39,pan,geo-0-1
p12,0:26:40,pan,geo-0-1
p12,0:26:41,zoom,geo-0-1
p12,0:26:42,pan,geo-0-1
p12,0:26:44,pan,geo-0-1
p12,0:26:45,pan,geo-0-1
p12,0:26:46,pan,geo-0-1
p12,0:26:47,pan,geo-0-1
p12,0:26:48,pan,geo-0-1
p12,0:26:49,pan,geo-0-1
p12,0:26:51,pan,geo-0-1
p12,0:26:52,pan,geo-0-1
p12,0:26:53,pan,geo-0-1
p12,0:26:54,pan,geo-0-1
p12,0:26:57,pan,geo-0-1
p12,0:26:58,pan,geo-0-1
p12,0:26:59,pan,geo-0-1
p12,0:27:00,pan,geo-0-1
p12,0:27:01,pan,geo-0-1
p12,0:27:02,zoom,geo-0-1
p12,0:27:03,pan,geo-0-1
p12,0:27:04,range select,geo-0-1
p12,0:27:08,pan,geo-0-1
p12,0:27:10,range select,geo-0-1
p12,0:27:16,brush,bar-5
p12,0:27:17,brush,bar-5
p12,0:27:19,pan,geo-0-1
p12,0:27:20,pan,geo-0-1
p12,0:27:21,pan,geo-0-1
p12,0:27:22,pan,geo-0-1
p12,0:27:24,pan,geo-0-1
p12,0:27:25,pan,geo-0-1
p12,0:27:26,pan,geo-0-1
p12,0:27:27,pan,geo-0-1
p12,0:27:28,pan,geo-0-1
p12,0:27:29,pan,geo-0-1
p12,0:27:30,pan,geo-0-1
p12,0:27:31,pan,geo-0-1
p12,0:27:32,pan,geo-0-1
p12,0:27:33,pan,geo-0-1
p12,0:27:34,brush,hist-2
p12,0:27:35,brush,hist-2
p12,0:27:36,brush,hist-3
p12,0:27:37,brush,hist-4
p12,0:28:00,brush,hist-4
p12,0:28:05,pan,geo-0-1
p12,0:28:06,pan,geo-0-1
p12,0:28:45,pan,geo-0-1
p12,0:28:46,pan,geo-0-1
p12,0:29:30,pan,geo-0-1
p12,0:29:31,pan,geo-0-1
p12,0:29:32,pan,geo-0-1
p12,0:29:33,pan,geo-0-1
p12,0:29:37,pan,geo-0-1
p12,0:29:38,pan,geo-0-1
p12,0:29:39,pan,geo-0-1
p12,0:29:40,pan,geo-0-1
p12,0:30:17,pan,geo-0-1
p12,0:30:18,pan,geo-0-1
p12,0:30:19,pan,geo-0-1
p12,0:30:20,pan,geo-0-1
p12,0:30:21,pan,geo-0-1
p12,0:30:22,pan,geo-0-1
p12,0:30:23,pan,geo-0-1
p12,0:30:24,pan,geo-0-1
p12,0:30:36,pan,geo-0-1
p12,0:30:43,pan,geo-0-1
p12,0:30:44,pan,geo-0-1
p12,0:30:45,pan,geo-0-1
p12,0:30:46,pan,geo-0-1
p12,0:31:01,pan,geo-0-1
p12,0:31:02,pan,geo-0-1
p12,0:31:03,pan,geo-0-1
